topology,malicious_ratio,model,trust_mse,trust_mse_std,trust_rmse,trust_rmse_std,trust_mae,trust_mae_std,detection_accuracy,detection_accuracy_std,detection_precision,detection_precision_std,detection_recall,detection_recall_std,detection_f1,detection_f1_std,detection_auc,detection_auc_std
Pakistan_Tuple30K,10%,GAT,0.010775903619766875,0.010752288344294038,0.09378535815886517,0.04449955297281376,0.0767419009763169,0.03938066350225891,0.975,0.049999999999999996,0.8,0.4000000000000001,0.8,0.4000000000000001,0.8,0.4000000000000001,0.001587301587301589,0.003174603174603178
Pakistan_Tuple30K,10%,GraphSAGE,0.005053588420092761,0.0020029788376041725,0.06987280898642409,0.013091179642776743,0.056977958845815954,0.009581370702179742,1.0,0.0,1.0,0.0,1.0,0.0,1.0,0.0,0.0,0.0
Pakistan_Tuple30K,10%,GCN,0.0021428328116923625,0.0005824971887497529,0.04587442395685828,0.0061943553594211425,0.036408582178670185,0.004847740450880727,1.0,0.0,1.0,0.0,1.0,0.0,1.0,0.0,0.0,0.0
Pakistan_Tuple30K,10%,Transformer,0.005655624911949044,0.0019570323559467253,0.07422840841155162,0.012073454213146154,0.060785126695020744,0.0077347945148977006,1.0,0.0,1.0,0.0,1.0,0.0,1.0,0.0,0.0,0.0
Pakistan_Tuple30K,15%,GAT,0.012295784617221995,0.010078084993685269,0.10371831370091558,0.03922111701954014,0.08550118294675281,0.03245864197368138,0.975,0.049999999999999996,0.8,0.4,0.8,0.4,0.8,0.4,0.00476190476190476,0.00952380952380952
Pakistan_Tuple30K,15%,GraphSAGE,0.005020813296087706,0.0022465982189500393,0.06933884645336118,0.014592383924667931,0.05644986667934319,0.009491644286049898,1.0,0.0,1.0,0.0,1.0,0.0,1.0,0.0,0.0,0.0
Pakistan_Tuple30K,15%,GCN,0.0037229738454761774,0.002239582849402385,0.05854067507767098,0.017203581223882724,0.045061941916237,0.011273970198352225,1.0,0.0,1.0,0.0,1.0,0.0,1.0,0.0,0.0,0.0
Pakistan_Tuple30K,15%,Transformer,0.006974023765246237,0.0030676429095435873,0.08158584941794433,0.017826186916969963,0.06757294762538253,0.016627670601050852,1.0,0.0,1.0,0.0,1.0,0.0,1.0,0.0,0.0,0.0
Pakistan_Tuple30K,20%,GAT,0.006861491518757862,0.0027375324508330827,0.08113750313210459,0.016679241716744193,0.06738331172329079,0.015503815278590276,1.0,0.0,1.0,0.0,1.0,0.0,1.0,0.0,0.0,0.0
Pakistan_Tuple30K,20%,GraphSAGE,0.005292366074047081,0.0021377718976156803,0.0714097193340528,0.013893093920321928,0.05796744252807606,0.00968506815456209,1.0,0.0,1.0,0.0,1.0,0.0,1.0,0.0,0.0,0.0
Pakistan_Tuple30K,20%,GCN,0.0029033962014745848,0.0016239726424681425,0.052203225467520785,0.013349885852012883,0.041161910570272665,0.010273442223068923,1.0,0.0,1.0,0.0,1.0,0.0,1.0,0.0,0.0,0.0
Pakistan_Tuple30K,20%,Transformer,0.005523654483954826,0.0017677038608517538,0.07346130876615731,0.011273446603329691,0.05930217757119838,0.007656612078803959,1.0,0.0,1.0,0.0,1.0,0.0,1.0,0.0,0.0,0.0
Pakistan_Tuple50K,10%,GAT,0.010869356960581677,0.008641697320053836,0.0974563817402547,0.03703526182814733,0.07904493105089616,0.029800550228392897,0.9818181818181818,0.036363636363636376,0.8,0.4000000000000001,0.8,0.4000000000000001,0.8,0.4000000000000001,0.002857142857142847,0.005714285714285694
Pakistan_Tuple50K,10%,GraphSAGE,0.004882783417368024,0.00233366642916699,0.06796044821350485,0.01625302728686415,0.05357941717462387,0.011904983613947673,1.0,0.0,1.0,0.0,1.0,0.0,1.0,0.0,0.0,0.0
Pakistan_Tuple50K,10%,GCN,0.0025073139050903305,0.00034299305692464554,0.0499635631336995,0.00331002478467386,0.03943024098656126,0.0032619909550339775,1.0,0.0,1.0,0.0,1.0,0.0,1.0,0.0,0.0,0.0
Pakistan_Tuple50K,10%,Transformer,0.006064919710194731,0.00223846985766616,0.07645112432266576,0.014837294227554884,0.061543735994207524,0.010479169024992073,1.0,0.0,1.0,0.0,1.0,0.0,1.0,0.0,0.0,0.0
Pakistan_Tuple50K,15%,GAT,0.006294872361268855,0.002331326150550302,0.07796907643040685,0.01468657488518786,0.06243741172306193,0.010165846550379207,1.0,0.0,1.0,0.0,1.0,0.0,1.0,0.0,0.0,0.0
Pakistan_Tuple50K,15%,GraphSAGE,0.003125272924434451,0.0007865205952214122,0.05547654056701251,0.0069011862133307135,0.04463935978653353,0.005882444476226585,1.0,0.0,1.0,0.0,1.0,0.0,1.0,0.0,0.0,0.0
Pakistan_Tuple50K,15%,GCN,0.002796220431484805,0.0011587394917896808,0.05191212249479268,0.010067371532353677,0.04005828357260855,0.007458607936442743,1.0,0.0,1.0,0.0,1.0,0.0,1.0,0.0,0.0,0.0
Pakistan_Tuple50K,15%,Transformer,0.006664982099913683,0.0018065003625327084,0.08090053618356854,0.010958345911897415,0.06647584095043726,0.00871356321011802,1.0,0.0,1.0,0.0,1.0,0.0,1.0,0.0,0.0,0.0
Pakistan_Tuple50K,20%,GAT,0.005018944046456447,0.002310673041180114,0.0691288419005625,0.01549668557929346,0.05568930177057132,0.011738521201538513,1.0,0.0,1.0,0.0,1.0,0.0,1.0,0.0,0.0,0.0
Pakistan_Tuple50K,20%,GraphSAGE,0.004586867464272448,0.0023125026408255594,0.06570420870065949,0.016426333227249155,0.05180257189015265,0.01290748040919232,1.0,0.0,1.0,0.0,1.0,0.0,1.0,0.0,0.0,0.0
Pakistan_Tuple50K,20%,GCN,0.0026566787364179145,0.00037192759427058823,0.05141939762975737,0.003567111409924995,0.040256764934468184,0.0026755726867322143,1.0,0.0,1.0,0.0,1.0,0.0,1.0,0.0,0.0,0.0
Pakistan_Tuple50K,20%,Transformer,0.005472200297706739,0.002175303708780772,0.0725326484118184,0.014533245063449387,0.057731487100452075,0.01079950275340884,1.0,0.0,1.0,0.0,1.0,0.0,1.0,0.0,0.0,0.0
Pakistan_Tuple100K,10%,GAT,0.008721634448194678,0.005764506303710476,0.08875910427870401,0.029042311475446055,0.06970425167395389,0.02183799296159486,0.9866666666666667,0.02666666666666666,0.8,0.4000000000000001,0.8,0.4000000000000001,0.8,0.4000000000000001,0.0037900874635568523,0.007580174927113704
Pakistan_Tuple100K,10%,GraphSAGE,0.003881623553666646,0.0020735143729992554,0.06020750470631797,0.016021233744794597,0.04890779905864044,0.015212026652823762,1.0,0.0,1.0,0.0,1.0,0.0,1.0,0.0,0.0,0.0
Pakistan_Tuple100K,10%,GCN,0.0020305194377224127,0.00035624270475412224,0.044880284254168935,0.004034789088342609,0.03435740112653474,0.0026928989644744035,1.0,0.0,1.0,0.0,1.0,0.0,1.0,0.0,0.0,0.0
Pakistan_Tuple100K,10%,Transformer,0.0065175181119253274,0.0022281362314821246,0.07955410179811945,0.013735465009229677,0.0652331108484628,0.01197847632070012,1.0,0.0,1.0,0.0,1.0,0.0,1.0,0.0,0.0,0.0
Pakistan_Tuple100K,15%,GAT,0.028884195299554393,0.006712507548801758,0.1688505998345889,0.01933055185590735,0.1373556870797255,0.02453350380807205,0.8933333333333333,0.03265986323710903,0.4,0.48989794855663565,0.2,0.24494897427831783,0.26666666666666666,0.3265986323710904,0.18489447060875633,0.15899467946664
Pakistan_Tuple100K,15%,GraphSAGE,0.003999782128463571,0.001296750498121949,0.06242018295156654,0.010173636948335327,0.04871272157606642,0.007862517644570943,1.0,0.0,1.0,0.0,1.0,0.0,1.0,0.0,0.0,0.0
Pakistan_Tuple100K,15%,GCN,0.0024557909356367263,0.0005572038358845545,0.04924225041648837,0.005567019809249573,0.037882627216540496,0.003488190708102631,0.9980952380952381,0.003809523809523796,1.0,0.0,0.9857142857142858,0.02857142857142856,0.9925925925925926,0.014814814814814836,0.0,0.0
Pakistan_Tuple100K,15%,Transformer,0.005358744392785085,0.001986027236666226,0.07201816907647549,0.01311974525885605,0.05621601859830081,0.007827990859149597,1.0,0.0,1.0,0.0,1.0,0.0,1.0,0.0,0.0,0.0
Pakistan_Tuple100K,20%,GAT,0.030368362164733577,0.010619923551797203,0.17147108850986945,0.031080990492165672,0.15457872999959954,0.030754669811115257,0.9199999999999999,0.09797958971132709,0.6,0.48989794855663565,0.6,0.48989794855663565,0.6,0.48989794855663565,0.03786848072562358,0.07573696145124716
Pakistan_Tuple100K,20%,GraphSAGE,0.003616914355981457,0.001177658515444186,0.05944036433235659,0.00915190930998376,0.04717333204590063,0.006361767157483204,1.0,0.0,1.0,0.0,1.0,0.0,1.0,0.0,0.0,0.0
Pakistan_Tuple100K,20%,GCN,0.00245101346689982,0.0005853754872686452,0.04917117199989433,0.005762752038447293,0.0387537462571654,0.004611786933434104,1.0,0.0,1.0,0.0,1.0,0.0,1.0,0.0,0.0,0.0
Pakistan_Tuple100K,20%,Transformer,0.005215284564910135,0.0020133359780419888,0.07095921156459954,0.013419197406720625,0.05681325537521067,0.009232885675616654,1.0,0.0,1.0,0.0,1.0,0.0,1.0,0.0,0.0,0.0
Topo4MEC_25N50E,10%,GAT,0.02260306397460008,0.0025505774659718384,0.15010695433153884,0.008424146004752824,0.10376326666499543,0.00844318256227293,0.9200000000000002,1.1102230246251565e-16,0.0,0.0,0.0,0.0,0.0,0.0,0.4397306023858819,0.08334239560478399
Topo4MEC_25N50E,10%,GraphSAGE,0.019545496141754545,0.005449377131370127,0.1382123169753349,0.021044039014982394,0.09521122051592938,0.024550825164188116,0.9337142857142858,0.0274285714285714,0.2,0.4000000000000001,0.17142857142857143,0.34285714285714286,0.18461538461538463,0.36923076923076925,0.3242963127279898,0.11673796187385567
Topo4MEC_25N50E,10%,GCN,0.05084510086135037,0.021580186619981574,0.2176003050357639,0.05912028509482047,0.1706026921942218,0.055050106390899044,0.9337142857142858,0.0274285714285714,0.2,0.4000000000000001,0.17142857142857143,0.34285714285714286,0.18461538461538463,0.36923076923076925,0.5296103223898255,0.1997793020194095
Topo4MEC_25N50E,10%,Transformer,0.020980009428161743,0.002549816787131055,0.14458828244845684,0.008616148023741074,0.10066611356219513,0.01223464206097904,0.9200000000000002,1.1102230246251565e-16,0.0,0.0,0.0,0.0,0.0,0.0,0.3528591146603569,0.11584000669576623
Topo4MEC_25N50E,15%,GAT,0.03070777085443361,0.0022266500936862143,0.17512327140032974,0.006293700698322835,0.12379243482643729,0.0130687959642471,0.8800000000000001,1.1102230246251565e-16,0.0,0.0,0.0,0.0,0.0,0.0,0.44278499278499284,0.16652455238045807
Topo4MEC_25N50E,15%,GraphSAGE,0.034558212135118,0.008559064203552992,0.18465513607306785,0.02146375682295168,0.1333719891752538,0.028433402143440818,0.8788571428571428,0.0022857142857142685,0.06666666666666667,0.13333333333333333,0.009523809523809523,0.019047619047619046,0.016666666666666666,0.03333333333333333,0.3301114890400604,0.1363907153368711
Topo4MEC_25N50E,15%,GCN,0.06667537827960948,0.025778900950638572,0.2505030105759415,0.06263880563994813,0.1936549577731455,0.058416646629550546,0.8948571428571428,0.029714285714285717,0.2,0.4000000000000001,0.12380952380952381,0.2476190476190476,0.15294117647058822,0.30588235294117644,0.4507730364873222,0.15934838257685865
Topo4MEC_25N50E,15%,Transformer,0.030580271824111903,0.0015854948803512646,0.17481312321688333,0.004543542150202549,0.11885245959229132,0.007001964325263023,0.8800000000000001,1.1102230246251565e-16,0.0,0.0,0.0,0.0,0.0,0.0,0.2897177557891843,0.21529222958785132
Topo4MEC_25N50E,20%,GAT,0.04794595394039308,0.0055180256922734644,0.21862872878038972,0.012142194705401049,0.17399374922285998,0.011280036679215578,0.8,0.0,0.0,0.0,0.0,0.0,0.0,0.0,0.3974104308390022,0.12642126668317125
Topo4MEC_25N50E,20%,GraphSAGE,0.056952490410852666,0.00857850263708979,0.2380269845827489,0.017194331080226805,0.2206600694199826,0.017119569425746342,0.8,0.0,0.0,0.0,0.0,0.0,0.0,0.0,0.4269478458049886,0.06695520901903698
Topo4MEC_25N50E,20%,GCN,0.041985760756746815,0.011243011848858299,0.20249643447341997,0.0313201976733666,0.1497664025429311,0.039221000274932596,0.8342857142857142,0.06857142857142856,0.2,0.4000000000000001,0.17142857142857143,0.34285714285714286,0.18461538461538463,0.36923076923076925,0.496530612244898,0.18252867729250777
Topo4MEC_25N50E,20%,Transformer,0.053748811933945796,0.002560571923777591,0.23177173544514212,0.005538463929000513,0.21096737678460423,0.01335523936896776,0.7977142857142857,0.004571428571428581,0.0,0.0,0.0,0.0,0.0,0.0,0.36415589569161,0.11549631973343102
Topo4MEC_50N50E,10%,GAT,0.02634022280009681,0.005638060856812592,0.1612124552984939,0.01872877616738275,0.1110107409680817,0.012770825660877708,0.9046666666666667,0.009333333333333327,0.2,0.4000000000000001,0.04666666666666667,0.09333333333333334,0.07567567567567568,0.15135135135135136,0.44020987654321,0.1989336785057643
Topo4MEC_50N50E,10%,GraphSAGE,0.025794317529816913,0.006653099359451202,0.15892929443366133,0.02314728711178703,0.10820184169150537,0.022965320172325308,0.9166666666666666,0.033333333333333305,0.2,0.4000000000000001,0.16666666666666669,0.33333333333333337,0.18181818181818182,0.36363636363636365,0.2147530864197531,0.18150774564297542
Topo4MEC_50N50E,10%,GCN,0.025831480923802934,0.006547333891613388,0.15913714252638048,0.02251334698221046,0.11028349022831882,0.022732173996899363,0.9166666666666666,0.033333333333333305,0.2,0.4000000000000001,0.16666666666666669,0.33333333333333337,0.18181818181818182,0.36363636363636365,0.44981481481481483,0.16660390221936677
Topo4MEC_50N50E,10%,Transformer,0.0254264467385512,0.007419055092769472,0.15719836636562629,0.026741734246857073,0.1083700095536277,0.022831892496275413,0.9179999999999999,0.03599999999999998,0.2,0.4000000000000001,0.18,0.36,0.1894736842105263,0.37894736842105253,0.33704938271604934,0.15600079529575023
Topo4MEC_50N50E,15%,GAT,0.030813686266046702,0.00511373880214312,0.1748519590012078,0.015507375647950279,0.13124875172055597,0.011290452101675922,0.86,0.0,0.0,0.0,0.0,0.0,0.0,0.0,0.14596714654854187,0.08327252672433114
Topo4MEC_50N50E,15%,GraphSAGE,0.0297629297619879,0.007922635119529356,0.17055165293710287,0.025981983034593852,0.1173858194692513,0.02632843323386594,0.884,0.047999999999999994,0.2,0.4000000000000001,0.17142857142857143,0.34285714285714286,0.18461538461538463,0.36923076923076925,0.042312661498708014,0.04603826361304954
Topo4MEC_50N50E,15%,GCN,0.03012348563329691,0.007977125205020757,0.17159096039391875,0.026077345424515886,0.11936904057333757,0.02656843290058647,0.884,0.047999999999999994,0.2,0.4000000000000001,0.17142857142857143,0.34285714285714286,0.18461538461538463,0.36923076923076925,0.4306755260243632,0.14888285040857888
Topo4MEC_50N50E,15%,Transformer,0.02894805420575214,0.00942771494363282,0.16693835158966383,0.03285789059385766,0.12044105185182694,0.028827008665037988,0.8859999999999999,0.052000000000000005,0.2,0.4000000000000001,0.18571428571428572,0.37142857142857144,0.1925925925925926,0.38518518518518524,0.10468807678110004,0.04275336353113284
Topo4MEC_50N50E,20%,GAT,0.037148679831681776,0.012621994579178288,0.18868812334594326,0.03931249088862058,0.1590507786674747,0.036974087132921045,0.8320000000000001,0.06399999999999996,0.2,0.4000000000000001,0.16,0.32,0.17777777777777776,0.3555555555555555,0.20875694444444443,0.11679494105556473
Topo4MEC_50N50E,20%,GraphSAGE,0.03779489728553723,0.010723436551937861,0.19181507912516998,0.03165237282956844,0.14276371954113384,0.03854269907093894,0.8346666666666666,0.06933333333333333,0.2,0.4000000000000001,0.17333333333333334,0.3466666666666667,0.18571428571428572,0.37142857142857144,0.10022916666666667,0.05892145489736503
Topo4MEC_50N50E,20%,GCN,0.0376254411391098,0.009490239885646214,0.19203790028102616,0.027329215041132213,0.14750605082503385,0.03300957541981335,0.8326666666666667,0.06533333333333334,0.2,0.4000000000000001,0.16333333333333333,0.32666666666666666,0.1798165137614679,0.35963302752293574,0.41991666666666666,0.1530458847015302
Topo4MEC_50N50E,20%,Transformer,0.03651164887780069,0.012902128907434899,0.1866134306476779,0.04107403534722391,0.14593832080126673,0.04407062507745576,0.8373333333333333,0.07466666666666665,0.2,0.4000000000000001,0.18666666666666668,0.37333333333333335,0.19310344827586207,0.3862068965517241,0.1465138888888889,0.05257726255529706
Topo4MEC_100N150E,10%,GAT,0.036454962348464535,0.007044866824432974,0.19009184712220728,0.01788999737652062,0.15274769238752953,0.03440288641366262,0.9,0.0,0.0,0.0,0.0,0.0,0.0,0.0,0.29083282942806754,0.07946308924159917
Topo4MEC_100N150E,10%,GraphSAGE,0.030590988930678093,0.003203310067808548,0.1746662130047159,0.009094117069254505,0.11628062663942515,0.013222290621370559,0.9,0.0,0.0,0.0,0.0,0.0,0.0,0.0,0.10730190224237843,0.1013605578525948
Topo4MEC_100N150E,10%,GCN,0.03184405324152982,0.0025119355010959337,0.17831020365192135,0.0070373656392253015,0.12698497459654476,0.01122418676415717,0.9,0.0,0.0,0.0,0.0,0.0,0.0,0.0,0.590189594356261,0.106015901974641
Topo4MEC_100N150E,10%,Transformer,0.03267295228477971,0.007757869885786307,0.1796375104336506,0.020082757031338817,0.13258928700575928,0.03336124307619158,0.9,0.0,0.0,0.0,0.0,0.0,0.0,0.0,0.16413485764676244,0.17604375004371253
Topo4MEC_100N150E,15%,GAT,0.04647469825965221,0.004788818119297745,0.21527675098054644,0.011428855888145597,0.1846452992163977,0.017809493093630748,0.85,0.0,0.0,0.0,0.0,0.0,0.0,0.0,0.25675977057489663,0.04384350930942719
Topo4MEC_100N150E,15%,GraphSAGE,0.044430597157337826,0.010945784562462748,0.20932316037058324,0.024787329218956274,0.1666587228020794,0.03409804309741084,0.85,0.0,0.0,0.0,0.0,0.0,0.0,0.0,0.21746698679471788,0.25574299788909755
Topo4MEC_100N150E,15%,GCN,0.041446453837293555,0.005310855452718485,0.20317113527760614,0.012959306590332096,0.14359856875136645,0.007975217194081964,0.85,0.0,0.0,0.0,0.0,0.0,0.0,0.0,0.5070297452314259,0.05138468550648821
Topo4MEC_100N150E,15%,Transformer,0.03892651811687398,0.0032537789084347126,0.19713121530110939,0.008111847556606926,0.14480534346166132,0.013175497314330589,0.85,0.0,0.0,0.0,0.0,0.0,0.0,0.0,0.09538077453203506,0.09636181262749208
Topo4MEC_100N150E,20%,GAT,0.057497829414692204,0.004099802992702496,0.23963875143284158,0.008431976423175313,0.2135662868966818,0.02450762861315852,0.8,0.0,0.0,0.0,0.0,0.0,0.0,0.0,0.25059917091836736,0.07244324881652561
Topo4MEC_100N150E,20%,GraphSAGE,0.04952292821894,0.009959251113313255,0.22146445680358723,0.02182710680855447,0.17559888988235703,0.029967814458340784,0.8,0.0,0.0,0.0,0.0,0.0,0.0,0.0,0.1769862882653061,0.216633515429037
Topo4MEC_100N150E,20%,GCN,0.047406948775587196,0.005903715359095309,0.21731652747149116,0.013434123094560662,0.17118803184097778,0.004147312249985301,0.8,0.0,0.0,0.0,0.0,0.0,0.0,0.0,0.5333451672335601,0.053512137504232185
Topo4MEC_100N150E,20%,Transformer,0.04855214564128961,0.008386576864659528,0.21955321357093321,0.018669013149220565,0.17427399918716507,0.027484246520544098,0.8,0.0,0.0,0.0,0.0,0.0,0.0,0.0,0.12623373724489795,0.10816927993086187
